param,estimate,SE,MOE_95,CI_low,CI_high,p_value
p1,0.017841415479779243,0.0018576910597690572,0.003764039623940622,0.014077375855838622,0.021605455103719865,1.3638642014127126e-11
p2,0.07447672635316849,0.08601491444834035,0.17428277136332085,-0.09980604501015236,0.24875949771648934,0.39214785290275656
p3,0.007815387099981308,0.004314607907218533,0.008742226022531989,-0.000926838922550681,0.016557613122513297,0.07820642678015098
p4,0.22631946206092834,0.09067106267786626,0.18371702381273258,0.04260243824819576,0.4100364858736609,0.017142008029027878
p6,0.15561474859714508,0.03882812304574792,0.0786732502688613,0.07694149832828379,0.23428799886600638,0.0002849688132306079
p8,0.07437987625598907,0.019165572492088553,0.038833138533107846,0.03554673772288123,0.11321301478909693,0.00041331168982680654
p9,0.006082968786358833,0.004919798419275878,0.00996845847675931,-0.003885489690400477,0.016051427263118145,0.224091546145954
w0 (estimated),0.031282130628824234,,,,,
x0 (fixed),3.88151216506958,,,,,
y0 (fixed),24.68014144897461,,,,,
z0 (fixed),0.508366584777832,,,,,
W0 (fixed),0.0,,,,,
